District,ac_no,ac_name,Winner Candidate 2014,Winner Party 2014,Winner Votes,Runner Up Candidate 2014,Runner Up Party 2014,Runner Up Votes 2014,Margin 2014,Turnout(%) 2019,Winner Candidate 2019,Winner Party 2019,Winner Votes 2019,Runner Up Candidate 2019,Runner Up Party 2019,Runner Up Votes 2019,Margin 2019,Status
Srikakulam,120,Ichchapuram,Ashok Bendalam,Telugu Desam Party,86815,Nartu Rama Rao,YSR Congress Party,61537,25278,70.15,Ashok Bendalam,Telugu Desam Party,79992,Piriya Sairaj,YSR Congress Party,72847,7145,Telugu Desam Party Hold
Srikakulam,121,Palasa,Gouthu Syam Sunder Sivaji,Telugu Desam Party,69658,Babu Rao Vajja,YSR Congress Party,52133,17525,72.92,Appalaraju Seediri,YSR Congress Party,76603,Gouthu Sireesha,Telugu Desam Party,60356,16247,Telugu Desam Party -->  YSR Congress Party
Srikakulam,122,Tekkali,Atchannaidu Kinjarapu,Telugu Desam Party,81167,Duvvada Srinivas,YSR Congress Party,72780,8387,78.79,Atchannaidu Kinjarapu,Telugu Desam Party,87658,Perada Tilak,YSR Congress Party,79113,8545,Telugu Desam Party Hold
Srikakulam,123,Pathapatnam,Kalamata Venkata Ramana Murthy,YSR Congress Party,69320,Vijaya Ramaraju Setrucharla,Telugu Desam Party,65455,3865,70.35,Reddy Shanthi,YSR Congress Party,76941,Kalamata Venkata Ramana Murthy,Telugu Desam Party,61390,15551,YSR Congress Party Hold
Srikakulam,124,Srikakulam,Gunda Lakshmi Devi,Telugu Desam Party,88814,Dharmana Prasada Rao,YSR Congress Party,64683,24131,70.01,Dharmana Prasada Rao,YSR Congress Party,84084,Gunda Lakshmi Devi,Telugu Desam Party,78307,5777,Telugu Desam Party -->  YSR Congress Party
Srikakulam,125,Amadalavalasa,Koona Ravikumar,Telugu Desam Party,65233,Thammineni Seetharam,YSR Congress Party,59784,5449,78.51,Thammineni Seetharam,YSR Congress Party,77897,Koona Ravikumar,Telugu Desam Party,63906,13991,Telugu Desam Party -->  YSR Congress Party
Srikakulam,126,Etcherla,Kalavenkata Rao Kimidi,Telugu Desam Party,85769,Gorle Kiran Kumar,YSR Congress Party,81028,4741,84.3,Gorle Kiran Kumar,YSR Congress Party,99672,Kalavenkata Rao Kimidi,Telugu Desam Party,80961,18711,Telugu Desam Party -->  YSR Congress Party
Srikakulam,127,Narasannapeta,Baggu Ramana Murthy,Telugu Desam Party,76559,Dharmana Krishna Das,YSR Congress Party,71759,4800,80,Dharmana Krishna Das,YSR Congress Party,85622,Baggu Ramana Murthy,Telugu Desam Party,66597,19025,Telugu Desam Party -->  YSR Congress Party
Srikakulam,128,Rajam (SC),Kambala Jogulu,YSR Congress Party,69192,K. Pratibha Bharati,Telugu Desam Party,68680,512,73.85,Kambala Jogulu,YSR Congress Party,83561,Kondru Murali Mohan,Telugu Desam Party,66713,16848,YSR Congress Party Hold
Srikakulam,129,Palakonda (ST),Viswasarayi Kalavathi,YSR Congress Party,55337,Nimmaka Jayakrishna,Telugu Desam Party,53717,1620,73.68,Viswasarayi Kalavathi,YSR Congress Party,72054,Nimmaka Jayakrishna,Telugu Desam Party,54074,17980,YSR Congress Party Hold
Vizianagaram,130,Kurupam (ST),Pushpasreevani Pamula,YSR Congress Party,55435,Janardhana That Raj Veera Vara Thodaramala,Telugu Desam Party,36352,19083,77.38,Pushpasreevani Pamula,YSR Congress Party,74527,Veera Vara Thodramal Nara Simha Priya Thatra,Telugu Desam Party,47925,26602,YSR Congress Party Hold
Vizianagaram,131,Parvathipuram (SC),Bobbili Chiranjeevulu,Telugu Desam Party,62458,Jammana Prasanna Kumar,YSR Congress Party,56329,6129,76.78,Alajangi Joga Rao,YSR Congress Party,75304,Bobbili Chiranjeevulu,Telugu Desam Party,51105,24199,Telugu Desam Party -->  YSR Congress Party
Vizianagaram,132,Salur (ST),Peedika Rajanna Dora,YSR Congress Party,63755,R.P. Bhanj Deo,Telugu Desam Party,58758,4997,79,Peedika Rajanna Dora,YSR Congress Party,78430,R.P. Bhanj Deo,Telugu Desam Party,58401,20029,YSR Congress Party Hold
Vizianagaram,133,Bobbili,Ravu Venkata Sujay Krishna Rangarao,YSR Congress Party,83587,Thentu Lakshmu Naidu,Telugu Desam Party,76629,6958,79.27,Sambangi Venkatachina Appala Naidu,YSR Congress Party,84955,Ravu Venkata Sujay Krishna Rangarao,Telugu Desam Party,76603,8352,YSR Congress Party Hold
Vizianagaram,134,Cheepurupalle,Kimidi Mrunalini,Telugu Desam Party,63787,Botsa Satyanarayana,Indian National Congress,42945,20842,83.07,Botsa Satyanarayana,YSR Congress Party,89262,Kimidi Nagarjuna,Telugu Desam Party,62764,26498,Telugu Desam Party -->  YSR Congress Party
Vizianagaram,135,Gajapathinagaram,Appala Naidu Kondapalli,Telugu Desam Party,65117,Kadubandi Srinivasa Rao,YSR Congress Party,45694,19423,86.73,Appalanarasayya Botcha,YSR Congress Party,93270,Appala Naidu Kondapalli,Telugu Desam Party,66259,27011,Telugu Desam Party -->  YSR Congress Party
Vizianagaram,136,Nellimarla,Narayanaswamy Naidu Pathivada,Telugu Desam Party,71267,P V V Suryanarayana Raju,YSR Congress Party,64294,6973,87.79,Appalanaidu Baddukonda,YSR Congress Party,94258,Narayanaswamy Naidu Pathivada,Telugu Desam Party,66207,28051,Telugu Desam Party -->  YSR Congress Party
Vizianagaram,137,Vizianagaram,Meesala Geetha,Telugu Desam Party,77320,Veera Bhadra Swamy Kolagatla,YSR Congress Party,61916,15404,70.88,Veera Bhadra Swamy Kolagatla,YSR Congress Party,78849,Aditi Vijayalakshmi Gajapathi Raju Pusapati,Telugu Desam Party,72432,6417,Telugu Desam Party -->  YSR Congress Party
Vizianagaram,138,Srungavarapukota,Kolla Lalitha Kumari,Telugu Desam Party,82177,Rongali Jagannadham,YSR Congress Party,53605,28572,85.92,Kadubandi Srinivasa Rao,YSR Congress Party,91451,Kolla Lalitha Kumari,Telugu Desam Party,80086,11365,Telugu Desam Party -->  YSR Congress Party
Visakhapatnam,139,Bhimili,Ganta Srinivasa Rao,Telugu Desam Party,118020,Karri Sita Ramu,YSR Congress Party,80794,37226,73.9,Muttamsetti Srinivasa Rao,YSR Congress Party,101629,Sabbam Hari,Telugu Desam Party,91917,9712,Telugu Desam Party -->  YSR Congress Party
Visakhapatnam,140,Visakhapatnam East,Ramakrishna Babu Velagapudi,Telugu Desam Party,100624,Vamsi Krishna Srinivas,YSR Congress Party,52741,47883,64.73,Ramakrishna Babu Velagapudi,Telugu Desam Party,87073,Akkaramani Vijaya Nirmala,YSR Congress Party,60599,26474,Telugu Desam Party Hold
Visakhapatnam,141,Visakhapatnam South,Vasupalli Ganesh Kumar,Telugu Desam Party,66686,Kola Guruvulu,YSR Congress Party,48370,18316,61.15,Vasupalli Ganesh Kumar,Telugu Desam Party,52172,Dronamraju Srinivasa Rao,YSR Congress Party,48443,3729,Telugu Desam Party Hold
Visakhapatnam,142,Visakhapatnam North,Penmetsa Vishnu Kumar Raju,Bharatiya Janata Party,82079,Chokkakula Venkata Rao,YSR Congress Party,63839,18240,62.65,Ganta Srinivasa Rao,Telugu Desam Party,67352,Kammila Kannaparaju,YSR Congress Party,65408,1944,Bharatiya Janata Party -->  Telugu Desam Party
Visakhapatnam,143,Visakhapatnam West,P.G.V.R Naidu,Telugu Desam Party,76791,Dadi Ratnakar,YSR Congress Party,45934,30857,58.19,P.G.V.R Naidu,Telugu Desam Party,68699,Vijay Prasad Malla,YSR Congress Party,49718,18981,Telugu Desam Party Hold
Visakhapatnam,144,Gajuwaka,Palla Srinivas Rao,Telugu Desam Party,97109,Nagireddy Tippala,YSR Congress Party,75397,21712,65.33,Nagireddy Tippala,YSR Congress Party,75292,Pawan Kalyan,Jana Sena Party,58539,16753,Telugu Desam Party -->  YSR Congress Party
Visakhapatnam,145,Chodavaram,Kalidindi Surya Naga Sanyasi Raju,Telugu Desam Party,80560,Karanam Dharmasri,YSR Congress Party,79651,909,84.26,Karanam Dharmasri,YSR Congress Party,94215,Kalidindi Surya Naga Sanyasi Raju,Telugu Desam Party,66578,27637,Telugu Desam Party -->  YSR Congress Party
Visakhapatnam,146,Madugula,Budi Mutyalanaidu,YSR Congress Party,72299,Gavireddi Ramanaidu,Telugu Desam Party,67538,4761,83.59,Budi Mutyalanaidu,YSR Congress Party,78830,Gavireddi Ramanaidu,Telugu Desam Party,62438,16392,YSR Congress Party Hold
Visakhapatnam,147,Araku Valley (ST),Kidari Sarveswara Rao,YSR Congress Party,63700,Siveri Soma,Telugu Desam Party,29647,34053,70.45,Chetti Palguna,YSR Congress Party,53101,Donnu Dora Siyyari,Independent,27660,25441,YSR Congress Party Hold
Visakhapatnam,148,Paderu (ST),Giddi Eswari,YSR Congress Party,52384,Goddeti Demudu,Communist Party of India,26243,26141,61.8,Bhagya Lakshmi Kottagulli,YSR Congress Party,71153,Giddi Eswari,Telugu Desam Party,28349,42804,YSR Congress Party Hold
Visakhapatnam,149,Anakapalle,Peela Govinda Satyanarayana,Telugu Desam Party,79911,Konathala Raghunath,YSR Congress Party,57570,22341,77.54,Avss Amarnath Gudivada,YSR Congress Party,73207,Peela Govinda Satyanarayana,Telugu Desam Party,65038,8169,Telugu Desam Party -->  YSR Congress Party
Visakhapatnam,150,Pendurthi,Bandaru Satyanarayana Murthy,Telugu Desam Party,94531,Gandi Babji,YSR Congress Party,75883,18648,74.74,Annamreddy Adeep Raj,YSR Congress Party,99759,Bandaru Satyanarayana Murthy,Telugu Desam Party,70899,28860,Telugu Desam Party -->  YSR Congress Party
Visakhapatnam,151,Yelamanchili,Panchakarla Ramesh Babu,Telugu Desam Party,80563,Pragada Nageswara Rao,YSR Congress Party,72188,8375,84.49,Uppalapati Venkata Ramanamurthy Raju,YSR Congress Party,71934,Panchakarla Ramesh Babu,Telugu Desam Party,67788,4146,Telugu Desam Party -->  YSR Congress Party
Visakhapatnam,152,Payakaraopet (SC),Anitha Vangalapudi,Telugu Desam Party,86355,Changala Venkata Rao,YSR Congress Party,83527,2828,81.74,Golla Baburao,YSR Congress Party,98745,B. Bangaraiah,Telugu Desam Party,67556,31189,Telugu Desam Party -->  YSR Congress Party
Visakhapatnam,153,Narsipatnam,Chintakayala Ayyanna Patrudu,Telugu Desam Party,79726,Petla Uma Sankara Ganesh,YSR Congress Party,77388,2338,82.33,Petla Uma Sankara Ganesh,YSR Congress Party,93818,Chintakayala Ayyanna Patrudu,Telugu Desam Party,70452,23366,Telugu Desam Party -->  YSR Congress Party
East Godavari,154,Tuni,Dadisetti Raja,YSR Congress Party,84755,Yanamala Krishnudu,Telugu Desam Party,66182,18573,82.28,Dadisetti Raja,YSR Congress Party,92459,Yanamala Krishnudu,Telugu Desam Party,68443,24016,YSR Congress Party Hold
East Godavari,155,Prathipadu,Varapula Subbarao,YSR Congress Party,63693,Parvatha Sri Satyanarayanamurthy,Telugu Desam Party,60280,3413,80.92,Purnachandra Prasad Parvatha,YSR Congress Party,76574,Varupula Raja,Telugu Desam Party,71908,4666,YSR Congress Party Hold
East Godavari,156,Pithapuram,S.V.S.N Varma,Independent,97511,Dorababu Pendem,YSR Congress Party,50431,47080,80.99,Dorababu Pendem,YSR Congress Party,83459,S.V.S.N Varma,Telugu Desam Party,68467,14992,Independent -->  YSR Congress Party
East Godavari,157,Kakinada Rural,Ananthalakshmi Pilli,Telugu Desam Party,61144,Chelluboyina Srinivasa Venugopalakrishna,YSR Congress Party,52096,9048,74.12,Kurasala Kannababu,YSR Congress Party,74068,Ananthalakshmi Pilli,Telugu Desam Party,65279,8789,Telugu Desam Party -->  YSR Congress Party
East Godavari,158,Peddapuram,Nimmakayala Chinarajappa,Telugu Desam Party,75914,Thota Subbarao Naidu,YSR Congress Party,65251,10663,81.39,Nimmakayala Chinarajappa,Telugu Desam Party,67393,Thota Saraswathi Vani,YSR Congress Party,63366,4027,Telugu Desam Party Hold
East Godavari,159,Anaparthy,Ramakrishna Reddy Nallamilli,Telugu Desam Party,83398,Sathi Suryanarayana Reddy,YSR Congress Party,82025,1373,87.48,Sathi Suryanarayana Reddy,YSR Congress Party,111771,Ramakrishna Reddy Nallamilli,Telugu Desam Party,56564,55207,Telugu Desam Party -->  YSR Congress Party
East Godavari,160,Kakinada City,Vanamadi Venkateswara Rao,Telugu Desam Party,76467,Dwarampudi Chandra Sekhara Reddy,YSR Congress Party,52467,24000,66.38,Dwarampudi Chandra Sekhara Reddy,YSR Congress Party,73890,Vanamadi Venkateswara Rao,Telugu Desam Party,59779,14111,Telugu Desam Party -->  YSR Congress Party
East Godavari,161,Ramachandrapuram,Thota Trimurthulu,Telugu Desam Party,85254,Pilli Subhash Chandra Bose,YSR Congress Party,68332,16922,87.11,Chelluboyina Srinivasa Venugopalakrishna,YSR Congress Party,75365,Thota Trimurthulu,Telugu Desam Party,70197,5168,Telugu Desam Party -->  YSR Congress Party
East Godavari,162,Mummidivaram,Datla Subba Raju,Telugu Desam Party,98274,Guthula Venkata Sai Srinivasa Rao,YSR Congress Party,68736,29538,83.51,Ponnada Venkata Satish Kumar,YSR Congress Party,78522,Datla Subba Raju,Telugu Desam Party,72975,5547,Telugu Desam Party -->  YSR Congress Party
East Godavari,163,Amalapuram (SC),Aithabathula Anandarao,Telugu Desam Party,76444,Golla Baburao,YSR Congress Party,64031,12413,82.46,Pinipe Viswarup,YSR Congress Party,72003,Aithabathula Anandarao,Telugu Desam Party,46349,25654,Telugu Desam Party -->  YSR Congress Party
East Godavari,164,Razole (SC),Gollapalli Surya Rao,Telugu Desam Party,66960,Bonthu Rajeswara Rao,YSR Congress Party,62277,4683,79.44,Rapaka Vara Prasada Rao,Jana Sena Party,50053,Bonthu Rajeswara Rao,YSR Congress Party,49239,814,Telugu Desam Party -->  Jana Sena Party
East Godavari,165,Gannavaram (SC),Pulaparthy Narayana Murthy,Telugu Desam Party,74967,Kondeti Chittibabu,YSR Congress Party,61462,13505,83.03,Kondeti Chittibabu,YSR Congress Party,67373,Nelapudi Stalinbabu,Telugu Desam Party,45166,22207,Telugu Desam Party -->  YSR Congress Party
East Godavari,166,Kothapeta,Chirla Jaggireddy,YSR Congress Party,88357,Bandaru Satyananda Rao,Telugu Desam Party,87644,713,84.3,Chirla Jaggireddy,YSR Congress Party,82645,Bandaru Satyananda Rao,Telugu Desam Party,78607,4038,YSR Congress Party Hold
East Godavari,167,Mandapeta,V Jogeswara Rao,Telugu Desam Party,100113,Girajala Venkata Swamy Naidu,YSR Congress Party,64099,36014,85.52,V Jogeswara Rao,Telugu Desam Party,78029,Pilli Subhash Chandra Bose,YSR Congress Party,67429,10600,Telugu Desam Party Hold
East Godavari,168,Rajanagaram,Pendurthi Venkatesh,Telugu Desam Party,81476,Jakkampudi Vijaya Lakshmi,YSR Congress Party,72589,8887,87.47,Jakkampudi Raja,YSR Congress Party,90680,Pendurthi Venkatesh,Telugu Desam Party,58908,31772,Telugu Desam Party -->  YSR Congress Party
East Godavari,169,Rajahmundry City,Akula Satyanarayana,Bharatiya Janata Party,79531,Bommana Raj Kumar,YSR Congress Party,53154,26377,66.34,Adireddy Bhavani,Telugu Desam Party,83702,Routhu Surya Prakasa Rao,YSR Congress Party,53637,30065,Bharatiya Janata Party -->  Telugu Desam Party
East Godavari,170,Rajahmundry Rural,Gorantla Butchaiah Chowdary,Telugu Desam Party,87540,Akula Veerraju,YSR Congress Party,69482,18058,73.45,Gorantla Butchaiah Chowdary,Telugu Desam Party,74166,Akula Veerraju,YSR Congress Party,63762,10404,Telugu Desam Party Hold
East Godavari,171,Jaggampeta,Jyothula Nehru,YSR Congress Party,88146,Jyothula Chantibabu,Telugu Desam Party,72214,15932,85.88,Jyothula Chantibabu,YSR Congress Party,93496,Jyothula Nehru,Telugu Desam Party,70131,23365,YSR Congress Party Hold
East Godavari,172,Rampachodavaram(ST),Vanthala Rajeswari,YSR Congress Party,52156,Seethamsetti Venkateswara Rao,Telugu Desam Party,43934,8222,78.04,Nagulapalli Dhanalakshmi,YSR Congress Party,98318,Vanthala Rajeswari,Telugu Desam Party,59212,39106,YSR Congress Party Hold
West Godavari,173,Kovvur (SC),Kothapalli Samuel Jawahar,Telugu Desam Party,74661,Taneti Vanitha,YSR Congress Party,61916,12745,86.17,Taneti Vanitha,YSR Congress Party,79892,Anitha Vangalapudi,Telugu Desam Party,54644,25248,Telugu Desam Party -->  YSR Congress Party
West Godavari,174,Nidadavole,Burugupalli Sesharao,Telugu Desam Party,81591,S Rajiv Krishna,YSR Congress Party,75232,6359,87.13,G Srinivas Naidu,YSR Congress Party,81001,Burugupalli Sesharao,Telugu Desam Party,59313,21688,Telugu Desam Party -->  YSR Congress Party
West Godavari,175,Achanta,Pithani Satyanarayana,Telugu Desam Party,63549,Mudunuri Prasada Raju,YSR Congress Party,59629,3920,81.46,Cherukuvada Sri Ranganadha Raju,YSR Congress Party,66494,Pithani Satyanarayana,Telugu Desam Party,53608,12886,Telugu Desam Party -->  YSR Congress Party
West Godavari,176,Palacole,Nimmala Rama Naidu,Telugu Desam Party,51523,Satyanarayana Murthy Chavatapalli,YSR Congress Party,45140,6383,81.55,Nimmala Rama Naidu,Telugu Desam Party,67549,Satyanarayana Murthy Chavatapalli,YSR Congress Party,49740,17809,Telugu Desam Party Hold
West Godavari,177,Narasapuram,Bandaru Madhava Naidu,Telugu Desam Party,72747,Kothapalli Subbarayudu,YSR Congress Party,21712,51035,82.09,Mudunuri Prasada Raju,YSR Congress Party,55556,Bommidi Nayaker,Jana Sena Party,49120,6436,Telugu Desam Party -->  YSR Congress Party
West Godavari,178,Bhimavaram,Pulaparthy Ramanjaneyulu,Telugu Desam Party,90772,Grandhi Srinivas,YSR Congress Party,77046,13726,78.05,Grandhi Srinivas,YSR Congress Party,70642,Pawan Kalyan,Jana Sena Party,62285,8357,Telugu Desam Party -->  YSR Congress Party
West Godavari,179,Undi,Vetukuri Venkata Siva Rama Raju,Telugu Desam Party,101530,Pathapati Sarraju,YSR Congress Party,65299,36231,84.73,Mantena Ramaraju,Telugu Desam Party,82730,P.V.L. Narasimha Raju,YSR Congress Party,71781,10949,Telugu Desam Party Hold
West Godavari,180,Tanuku,Arimilli Radha Krishna,Telugu Desam Party,101015,Cheerla Radha Krishna,YSR Congress Party,70067,30948,80,Karumuri Venkata Nageswara Rao,YSR Congress Party,75975,Arimilli Radha Krishna,Telugu Desam Party,73780,2195,Telugu Desam Party -->  YSR Congress Party
West Godavari,181,Tadepalligudem,Pydikondala Manikyala Rao,Bharatiya Janata Party,73339,Thota Poorna Gopala Satyanarayana,YSR Congress Party,59266,14073,80.43,Kottu Satyanarayana,YSR Congress Party,70741,Eli Venkata Madhusudhanarao,Telugu Desam Party,54275,16466,Bharatiya Janata Party -->  YSR Congress Party
West Godavari,182,Ungutur,Ganni Veeranjaneyulu,Telugu Desam Party,82118,Puppala Srinivasarao,YSR Congress Party,73188,8930,86.86,Puppala Srinivasarao,YSR Congress Party,94621,Ganni Veeranjaneyulu,Telugu Desam Party,61468,33153,Telugu Desam Party -->  YSR Congress Party
West Godavari,183,Denduluru,Chintamaneni Prabhakar,Telugu Desam Party,92209,Karumuri Venkata Nageswara Rao,YSR Congress Party,74463,17746,84.7,Abbaya Chowdary Kothari,YSR Congress Party,96142,Chintamaneni Prabhakar,Telugu Desam Party,78683,17459,Telugu Desam Party -->  YSR Congress Party
West Godavari,184,Eluru,Badeti Kota Rama Rao,Telugu Desam Party,82483,Alla Kali Krishna Srinivas,YSR Congress Party,57880,24603,67.59,Alla Kali Krishna Srinivas,YSR Congress Party,72247,Badeti Kota Rama Rao,Telugu Desam Party,68175,4072,Telugu Desam Party -->  YSR Congress Party
West Godavari,185,Gopalapuram (SC),Muppidi Venkateswara Rao,Telugu Desam Party,95299,Talari Venkatrao,YSR Congress Party,83759,11540,86.71,Talari Venkatrao,YSR Congress Party,111785,Muppidi Venkateswara Rao,Telugu Desam Party,74324,37461,Telugu Desam Party -->  YSR Congress Party
West Godavari,186,Polavaram (ST),Modiyam Srinivasa Rao,Telugu Desam Party,83767,Tellam Balaraju,YSR Congress Party,68047,15720,86.55,Tellam Balaraju,YSR Congress Party,110523,Boragam Srinivasulu,Telugu Desam Party,68453,42070,Telugu Desam Party -->  YSR Congress Party
West Godavari,187,Chintalapudi (SC),Peethala Sujatha,Telugu Desam Party,105417,Burla Devi Priya,YSR Congress Party,90253,15164,81.83,Vunnamatla Eliza,YSR Congress Party,115755,Karra Raja Rao,Telugu Desam Party,79580,36175,Telugu Desam Party -->  YSR Congress Party
Krishna,188,Tiruvuru (SC),Kokkiligadda Rakshana Nidhi,YSR Congress Party,78144,Nallagatla Swamy Das,Telugu Desam Party,76468,1676,86.77,Kokkiligadda Rakshana Nidhi,YSR Congress Party,89118,Kothapalli Samuel Jawahar,Telugu Desam Party,78283,10835,YSR Congress Party Hold
Krishna,189,Nuzvid,Meka Venkata Pratap Apparao,YSR Congress Party,95565,Muddaraboina Venkateswara Rao,Telugu Desam Party,85168,10397,86.83,Meka Venkata Pratap Apparao,YSR Congress Party,101950,Muddaraboina Venkateswara Rao,Telugu Desam Party,85740,16210,YSR Congress Party Hold
Krishna,190,Gannavaram,Vallabhaneni Vamsi Mohan,Telugu Desam Party,99163,Dutta Ramachandrarao,YSR Congress Party,89615,9548,85.29,Vallabhaneni Vamsi Mohan,Telugu Desam Party,103881,Yarlagadda Venkatrao,YSR Congress Party,103043,838,Telugu Desam Party Hold
Krishna,191,Gudivada,Kodali Sri Venkateswara Rao,YSR Congress Party,81298,Raavi Venkateswara Rao,Telugu Desam Party,69761,11537,80.2,Kodali Sri Venkateswara Rao,YSR Congress Party,89833,Devineni Avinash,Telugu Desam Party,70354,19479,YSR Congress Party Hold
Krishna,192,Kaikalur,Kamineni Srinivas,Bharatiya Janata Party,88092,Rama Prasad Uppala,Yekikrutha Sankshema Rashtriya Praja Party,66521,21571,88.05,Dulam Nageswara Rao,YSR Congress Party,82128,Jayamangala Venkata Ramana,Telugu Desam Party,72771,9357,Bharatiya Janata Party -->  YSR Congress Party
Krishna,193,Pedana,Kagitha Venkat Rao,Telugu Desam Party,71779,Buragadda Vedavyas,YSR Congress Party,58085,13694,86.92,Jogi Ramesh,YSR Congress Party,61920,Kagitha Krishnaprasad,Telugu Desam Party,54081,7839,Telugu Desam Party -->  YSR Congress Party
Krishna,194,Machilipatnam,Kollu Ravindra,Telugu Desam Party,75209,Perni Venkataramaiah,YSR Congress Party,59403,15806,79.39,Perni Venkataramaiah,YSR Congress Party,66141,Kollu Ravindra,Telugu Desam Party,60290,5851,Telugu Desam Party -->  YSR Congress Party
Krishna,195,Avanigadda,Mandali Buddha Prasad,Telugu Desam Party,80995,Ramesh Babu Simhadri,YSR Congress Party,75037,5958,88.11,Ramesh Babu Simhadri,YSR Congress Party,78447,Mandali Buddha Prasad,Telugu Desam Party,57722,20725,Telugu Desam Party -->  YSR Congress Party
Krishna,196,Pamarru (SC),Uppuleti Kalpana,YSR Congress Party,69546,Varla Ramaiah,Telugu Desam Party,68477,1069,87.44,Anil Kumar Kaile,YSR Congress Party,88547,Uppuleti Kalpana,Telugu Desam Party,57674,30873,YSR Congress Party Hold
Krishna,197,Penamaluru,Bode Prasad,Telugu Desam Party,102330,Kukkala Vidyasagar,YSR Congress Party,70882,31448,79.9,Kolusu Parthasarathy,YSR Congress Party,101485,Bode Prasad,Telugu Desam Party,90168,11317,Telugu Desam Party -->  YSR Congress Party
Krishna,198,Vijayawada West,Jaleel Khan,YSR Congress Party,63180,Vellampalli Srinivas,Bharatiya Janata Party,60072,3108,67.55,Vellampalli Srinivas,YSR Congress Party,58435,Shabana Musarat Khatoon,Telugu Desam Party,50764,7671,YSR Congress Party Hold
Krishna,199,Vijayawada Central,Bonda Umamaheswara Rao,Telugu Desam Party,82669,Gowtham Reddy Punuru,YSR Congress Party,55508,27161,65.78,Malladi Vishnu,YSR Congress Party,70721,Bonda Umamaheswara Rao,Telugu Desam Party,70696,25,Telugu Desam Party -->  YSR Congress Party
Krishna,200,Vijayawada East,Gadde Ramamohan,Telugu Desam Party,88784,Vangaveeti Radhakrishna,YSR Congress Party,73281,15503,66.12,Gadde Ramamohan,Telugu Desam Party,82990,Boppana Bhava Kumar,YSR Congress Party,67826,15164,Telugu Desam Party Hold
Krishna,201,Mylavaram,Devineni Uma Maheswara Rao,Telugu Desam Party,94539,Jogi Ramesh,YSR Congress Party,86970,7569,83.48,Vasantha Venkata Krishna Prasad,YSR Congress Party,114940,Devineni Uma Maheswara Rao,Telugu Desam Party,102287,12653,Telugu Desam Party -->  YSR Congress Party
Krishna,202,Nandigama (SC),Tangirala Prabhakara Rao,Telugu Desam Party,78721,Monditoka Jagan Mohana Rao,YSR Congress Party,73509,5212,88.01,Monditoka Jagan Mohana Rao,YSR Congress Party,87493,Tangirala Sowmya,Telugu Desam Party,76612,10881,Telugu Desam Party -->  YSR Congress Party
Krishna,203,Jaggayyapeta,Rajagopal Sreeram,Telugu Desam Party,80939,Udayabhanu Samineni,YSR Congress Party,79093,1846,89.64,Udayabhanu Samineni,YSR Congress Party,87965,Rajagopal Sreeram,Telugu Desam Party,83187,4778,Telugu Desam Party -->  YSR Congress Party
Guntur,204,Pedakurapadu,Kommalapati Sridhar,Telugu Desam Party,90310,Bolla Brahma Naidu,YSR Congress Party,81114,9196,88.23,Namburu Sankara Rao,YSR Congress Party,99577,Kommalapati Sridhar,Telugu Desam Party,85473,14104,Telugu Desam Party -->  YSR Congress Party
Guntur,205,Tadikonda (SC),Tenali Sravan Kumar,Telugu Desam Party,80847,Heni Christina Kathera,YSR Congress Party,73305,7542,85.77,Vundavalli Sridevi,YSR Congress Party,86848,Tenali Sravan Kumar,Telugu Desam Party,82415,4433,Telugu Desam Party -->  YSR Congress Party
Guntur,206,Mangalagiri,Alla Rama Krishna Reddy,YSR Congress Party,88977,Ganji Chiranjeevi,Telugu Desam Party,88965,12,85.45,Alla Rama Krishna Reddy,YSR Congress Party,108464,Nara Lokesh,Telugu Desam Party,103127,5337,YSR Congress Party Hold
Guntur,207,Ponnur,Dhulipalla Narendra Kumar,Telugu Desam Party,88386,Ravi Venkata Ramana,YSR Congress Party,80625,7761,82.95,Kilari Venkata Rosaiah,YSR Congress Party,87570,Dhulipalla Narendra Kumar,Telugu Desam Party,86458,1112,Telugu Desam Party -->  YSR Congress Party
Guntur,208,Vemuru (SC),Nakka Ananda Babu,Telugu Desam Party,77222,Merugu Nagarjuna,YSR Congress Party,75095,2127,87.53,Merugu Nagarjuna,YSR Congress Party,81671,Nakka Ananda Babu,Telugu Desam Party,71672,9999,Telugu Desam Party -->  YSR Congress Party
Guntur,209,Repalle,Anagani Satya Prasad,Telugu Desam Party,85076,Mopidevi Venkataramana,YSR Congress Party,71721,13355,82.83,Anagani Satya Prasad,Telugu Desam Party,89975,Mopidevi Venkataramana,YSR Congress Party,78420,11555,Telugu Desam Party Hold
Guntur,210,Tenali,Alapati Rajendra Prasad,Telugu Desam Party,93524,Annabathuni Siva Kumar,YSR Congress Party,74459,19065,77.47,Annabathuni Siva Kumar,YSR Congress Party,94495,Alapati Rajendra Prasad,Telugu Desam Party,76846,17649,Telugu Desam Party -->  YSR Congress Party
Guntur,211,Bapatla,Kona Raghupathi,YSR Congress Party,71076,Annam Satish Prabhakar,Telugu Desam Party,65263,5813,82.58,Kona Raghupathi,YSR Congress Party,79836,Annam Satish Prabhakar,Telugu Desam Party,64637,15199,YSR Congress Party Hold
Guntur,212,Prathipadu (SC),Ravela Kishore Babu,Telugu Desam Party,96274,Mekathoti Sucharita,YSR Congress Party,88869,7405,84.21,Mekathoti Sucharita,YSR Congress Party,92508,Dokka Manikya Vara Prasad,Telugu Desam Party,85110,7398,Telugu Desam Party -->  YSR Congress Party
Guntur,213,Guntur West,Modugula Venugopala Reddy,Telugu Desam Party,78837,Appi Reddy Lella,YSR Congress Party,60924,17913,65.68,Maddali Giridhara Rao,Telugu Desam Party,71864,Chandragiri Yesuratnam,YSR Congress Party,67575,4289,Telugu Desam Party Hold
Guntur,214,Guntur East,Mohammad Musthafa Shaik,YSR Congress Party,74131,Maddali Giridhara Rao,Telugu Desam Party,70980,3151,69.99,Mohammad Musthafa Shaik,YSR Congress Party,77047,Mohammed Naseer,Telugu Desam Party,54956,22091,YSR Congress Party Hold
Guntur,215,Chilakaluripet,Prathipati Pulla Rao,Telugu Desam Party,89591,Marri Rajasekhar,YSR Congress Party,78907,10684,85.51,Vidadala Rajini,YSR Congress Party,94430,Prathipati Pulla Rao,Telugu Desam Party,86129,8301,Telugu Desam Party -->  YSR Congress Party
Guntur,216,Narasaraopet,Gopireddy Srinivasareddy,YSR Congress Party,87761,Nalabothu Venkata Rao,Bharatiya Janata Party,71995,15766,81.5,Gopireddy Srinivasareddy,YSR Congress Party,100994,Aravinda Babu Chadalavada,Telugu Desam Party,68717,32277,YSR Congress Party Hold
Guntur,217,Sattenapalle,Kodela Siva Prasada Rao,Telugu Desam Party,85247,Ambati Rambabu,YSR Congress Party,84323,924,87.77,Ambati Rambabu,YSR Congress Party,105063,Kodela Siva Prasada Rao,Telugu Desam Party,84187,20876,Telugu Desam Party -->  YSR Congress Party
Guntur,218,Vinukonda,G V Aanzaneyulu,Telugu Desam Party,104321,Nannapaneni Sudha,YSR Congress Party,82914,21407,88.16,Bolla Brahma Naidu,YSR Congress Party,120703,G V Aanzaneyulu,Telugu Desam Party,92075,28628,Telugu Desam Party -->  YSR Congress Party
Guntur,219,Gurajala,Yarapathineni Srinivasa Rao,Telugu Desam Party,94827,Janga Krishna Murthy,YSR Congress Party,87640,7187,83.52,Kasu Mahesh Reddy,YSR Congress Party,117204,Yarapathineni Srinivasa Rao,Telugu Desam Party,88591,28613,Telugu Desam Party -->  YSR Congress Party
Guntur,220,Macherla,Ramakrishna Reddy Pinnelli,YSR Congress Party,94249,Chalamareddy Kommareddy,Telugu Desam Party,90714,3535,84.41,Ramakrishna Reddy Pinnelli,YSR Congress Party,110406,Anji Reddy Annapureddy,Telugu Desam Party,88488,21918,YSR Congress Party Hold
Prakasam,221,Yerragondapalem (SC),Palaparthi David Raju,YSR Congress Party,85774,Budala Ajitha Rao,Telugu Desam Party,66703,19071,87.23,Adimulapu Suresh,YSR Congress Party,99408,Budala Ajitha Rao,Telugu Desam Party,67776,31632,YSR Congress Party Hold
Prakasam,222,Darsi,Sidda Raghava Rao,Telugu Desam Party,88821,Buchepalli Siva Prasad Reddy,YSR Congress Party,87447,1374,89.62,Maddisetty Venugopal,YSR Congress Party,111914,Kadiri Baburao,Telugu Desam Party,72857,39057,Telugu Desam Party -->  YSR Congress Party
Prakasam,223,Parchur,Yeluri Sambasiva Rao,Telugu Desam Party,97248,Gottipati Bharath Kumar,YSR Congress Party,86473,10775,87.56,Yeluri Sambasiva Rao,Telugu Desam Party,97076,Daggubati Venkateswara Rao,YSR Congress Party,95429,1647,Telugu Desam Party Hold
Prakasam,224,Addanki,Gottipati Ravikumar,YSR Congress Party,99537,Karanam Venkatesh,Telugu Desam Party,95302,4235,89.82,Gottipati Ravikumar,Telugu Desam Party,105545,Chenchu Garataiah Bachina,YSR Congress Party,92554,12991,YSR Congress Party -->  Telugu Desam Party
Prakasam,225,Chirala,Amanchi Krishna Mohan,Navodayam Party,57544,Pothula Suneetha,Telugu Desam Party,47209,10335,83.76,Karanam Balaram Krishna Murthy,Telugu Desam Party,83901,Amanchi Krishna Mohan,YSR Congress Party,66482,17419,Navodayam Party -->  Telugu Desam Party
Prakasam,226,Santhanuthalapadu (SC),Adimulapu Suresh,YSR Congress Party,80954,B. N. Vijay Kumar,Telugu Desam Party,79678,1276,83.86,T. J. R. Sudhakar Babu,YSR Congress Party,89160,B. N. Vijay Kumar,Telugu Desam Party,80082,9078,YSR Congress Party Hold
Prakasam,227,Ongole,Damacharla Janardhana Rao,Telugu Desam Party,93025,Balineni Srinivasa Reddy,YSR Congress Party,80597,12428,84.02,Balineni Srinivasa Reddy,YSR Congress Party,101022,Damacharla Janardhana Rao,Telugu Desam Party,78777,22245,Telugu Desam Party -->  YSR Congress Party
Prakasam,228,Kandukur,Pothula Rama Rao,YSR Congress Party,84538,Divi Siva Ram,Telugu Desam Party,80732,3806,88.86,Manugunta Maheedhar Reddy,YSR Congress Party,101275,Pothula Rama Rao,Telugu Desam Party,86339,14936,YSR Congress Party Hold
Prakasam,229,Kondapi (SC),Dola Sree Bala Veeranjaneya Swamy,Telugu Desam Party,92234,Jupudi Prabhakara Rao,YSR Congress Party,86794,5440,87.09,Dola Sree Bala Veeranjaneya Swamy,Telugu Desam Party,98142,Madasi Venkaiah,YSR Congress Party,97118,1024,Telugu Desam Party Hold
Prakasam,230,Markapuram,Janke Venkata Reddy,YSR Congress Party,82411,Kandula Narayana Reddy,Telugu Desam Party,72609,9802,85.22,Kunduru Nagarjuna Reddy,YSR Congress Party,92680,Kandula Narayana Reddy,Telugu Desam Party,74013,18667,YSR Congress Party Hold
Prakasam,231,Giddalur,Ashok Reddy Muthumula,YSR Congress Party,94413,Anna Rambabu,Telugu Desam Party,81520,12893,81.89,Anna Rambabu,YSR Congress Party,133111,Ashok Reddy Muthumula,Telugu Desam Party,52076,81035,YSR Congress Party Hold
Prakasam,232,Kanigiri,Kadiri Baburao,Telugu Desam Party,79492,Burra Madhu Sudhan Yadav,YSR Congress Party,72285,7207,82.23,Burra Madhu Sudhan Yadav,YSR Congress Party,112730,Mukku Ugra Narasimha Reddy,Telugu Desam Party,71827,40903,Telugu Desam Party -->  YSR Congress Party
Nellore,233,Kavali,Ramireddy Pratap Kumar Reddy,YSR Congress Party,89589,Beeda Masthan Rao,Telugu Desam Party,84620,4969,76.19,Ramireddy Pratap Kumar Reddy,YSR Congress Party,95828,Katamreddy Vishnu Vardhan Reddy,Telugu Desam Party,81711,14117,YSR Congress Party Hold
Nellore,234,Atmakur,Mekapati Goutham Reddy,YSR Congress Party,91686,Guturu Murali Kanna Babu,Telugu Desam Party,60274,31412,82.44,Mekapati Goutham Reddy,YSR Congress Party,92758,Bollineni Krishnaiah,Telugu Desam Party,70482,22276,YSR Congress Party Hold
Nellore,235,Kovur,Polam Reddy Srinivasulu Reddy,Telugu Desam Party,94108,Nallapa Reddy Prasanna Kumar Reddy,YSR Congress Party,86171,7937,77.92,Nallapa Reddy Prasanna Kumar Reddy,YSR Congress Party,116239,Polam Reddy Srinivasulu Reddy,Telugu Desam Party,76348,39891,Telugu Desam Party -->  YSR Congress Party
Nellore,236,Nellore City,Anil Kumar Poluboina,YSR Congress Party,74372,Mungamuru Sridhara Krishna Reddy,Telugu Desam Party,55285,19087,65.42,Anil Kumar Poluboina,YSR Congress Party,75040,Ponguru Narayana,Telugu Desam Party,73052,1988,YSR Congress Party Hold
Nellore,237,Nellore Rural,Kotamreddy Sridhar Reddy,YSR Congress Party,79103,Sannapureddy Suresh Reddy,Bharatiya Janata Party,53450,25653,65.16,Kotamreddy Sridhar Reddy,YSR Congress Party,85724,Abdul Aziz Shaik,Telugu Desam Party,64948,20776,YSR Congress Party Hold
Nellore,238,Sarvepalli,Kakani Govardhan Reddy,YSR Congress Party,85744,Chandra Mohan Reddy Somireddy,Telugu Desam Party,80298,5446,82.42,Kakani Govardhan Reddy,YSR Congress Party,97272,Chandra Mohan Reddy Somireddy,Telugu Desam Party,83299,13973,YSR Congress Party Hold
Nellore,239,Gudur (SC),Pasim Sunil Kumar,YSR Congress Party,80698,Bathala Radha Jyothsna Latha,Telugu Desam Party,71650,9048,78.12,Varaprasad Rao Velagapalli,YSR Congress Party,109759,Pasim Sunil Kumar,Telugu Desam Party,64301,45458,YSR Congress Party Hold
Nellore,240,Sullurpeta (SC),Kiliveti Sanjeevaiah,YSR Congress Party,85343,Parasa Venkata Rathnaiah,Telugu Desam Party,81617,3726,82.86,Kiliveti Sanjeevaiah,YSR Congress Party,119627,Parasa Venkata Rathnaiah,Telugu Desam Party,58335,61292,YSR Congress Party Hold
Nellore,241,Venkatagiri,Kurugondla Ramakrishna,Telugu Desam Party,83669,Kommi Lakshmaiah Naidu,YSR Congress Party,78034,5635,78.63,Anam Ramanarayana Reddy,YSR Congress Party,109204,Kurugondla Ramakrishna,Telugu Desam Party,70484,38720,Telugu Desam Party -->  YSR Congress Party
Nellore,242,Udayagiri,Bollineni Venkata Ramarao,Telugu Desam Party,85873,Mekapati Chandra Sekhar Reddy,YSR Congress Party,82251,3622,79.48,Mekapati Chandra Sekhar Reddy,YSR Congress Party,106487,Bollineni Venkata Ramarao,Telugu Desam Party,69959,36528,Telugu Desam Party -->  YSR Congress Party
Kadapa,243,Badvel (SC),Thiriveedi Jayaramulu,YSR Congress Party,78879,N D Vijaya Jyothi,Telugu Desam Party,68800,10079,77.64,G. Venkata Subbaiah,YSR Congress Party,95482,Obulapuram Raja Sekhar,Telugu Desam Party,50748,44734,YSR Congress Party Hold
Kadapa,244,Rajampet,Meda Venkata Mallikarjuna Reddy,Telugu Desam Party,83884,Amarnath Reddy Akepati,YSR Congress Party,72267,11617,76.07,Meda Venkata Mallikarjuna Reddy,YSR Congress Party,95266,Bathyala Changal Rayudu,Telugu Desam Party,59994,35272,Telugu Desam Party -->  YSR Congress Party
Kadapa,245,Kadapa,Amzath Basha Shaik Bepari,YSR Congress Party,95077,Durgaprasad Rao Sudha,Telugu Desam Party,49872,45205,62.14,Amzath Basha Shaik Bepari,YSR Congress Party,104822,Ameer Babu Nawabjan,Telugu Desam Party,50028,54794,YSR Congress Party Hold
Kadapa,246,Kodur (SC),Koramutla Sreenivasulu,YSR Congress Party,66820,Obili Subbaramaiah,Telugu Desam Party,64848,1972,75.29,Koramutla Sreenivasulu,YSR Congress Party,78312,Panthagani Narasimha Prasad,Telugu Desam Party,43433,34879,YSR Congress Party Hold
Kadapa,247,Rayachoti,Gadikota Srikanth Reddy,YSR Congress Party,96891,Ramesh Kumar Reddy Reddappagari,Telugu Desam Party,62109,34782,75.96,Gadikota Srikanth Reddy,YSR Congress Party,98990,Ramesh Kumar Reddy Reddappagari,Telugu Desam Party,66128,32862,YSR Congress Party Hold
Kadapa,248,Pulivendla,Y. S. Jaganmohan Reddy,YSR Congress Party,124576,Satish Reddy Singareddy,Telugu Desam Party,49333,75243,80.87,Y. S. Jaganmohan Reddy,YSR Congress Party,132356,Satish Reddy Singareddy,Telugu Desam Party,42246,90110,YSR Congress Party Hold
Kadapa,249,Kamalapuram,Pochimareddy Ravindranath Reddy,YSR Congress Party,78547,Putha Narasimha Reddy,Telugu Desam Party,73202,5345,82.58,Pochimareddy Ravindranath Reddy,YSR Congress Party,88482,Putha Narasimha Reddy,Telugu Desam Party,61149,27333,YSR Congress Party Hold
Kadapa,250,Jammalamadugu,Chadipirala Adinarayana Reddy,YSR Congress Party,100794,Rama Subba Reddy Ponnapureddy,Telugu Desam Party,88627,12167,85.4,Mule Sudheer Reddy,YSR Congress Party,125005,Rama Subba Reddy Ponnapureddy,Telugu Desam Party,73364,51641,YSR Congress Party Hold
Kadapa,251,Proddatur,Rachamallu Siva Prasad Reddy,YSR Congress Party,93866,Nandyala Varada Rajulu Reddy,Telugu Desam Party,80921,12945,76.67,Rachamallu Siva Prasad Reddy,YSR Congress Party,107941,Mallela Linga Reddy,Telugu Desam Party,64793,43148,YSR Congress Party Hold
Kadapa,252,Mydukur,Raghuramireddy Settipalli,YSR Congress Party,85539,Putta Sudhakar Yadav,Telugu Desam Party,74017,11522,82.6,Raghuramireddy Settipalli,YSR Congress Party,94849,Putta Sudhakar Yadav,Telugu Desam Party,65505,29344,YSR Congress Party Hold
Kurnool,253,Allagadda,Bhima Shobha Nagi Reddy,YSR Congress Party,92108,Gangula Prabhakara Reddy,Telugu Desam Party,74180,17928,84.26,Gangula Brijendra Reddy,YSR Congress Party,105905,Bhuma Akhila Priya,Telugu Desam Party,70292,35613,YSR Congress Party Hold
Kurnool,254,Srisailam,Budda Rajasekhara Reddy,YSR Congress Party,74249,Silpa Chakrapani Reddy,Telugu Desam Party,69388,4861,82.54,Silpa Chakrapani Reddy,YSR Congress Party,92236,Budda Rajasekhara Reddy,Telugu Desam Party,53538,38698,YSR Congress Party Hold
Kurnool,255,Nandikotkur (SC),Isaiah Yakkaladevi,YSR Congress Party,87496,Labbi Venkata Swamy,Telugu Desam Party,65682,21814,86.98,Thoguru Arthur,YSR Congress Party,102565,Bandi Jayaraju,Telugu Desam Party,61955,40610,YSR Congress Party Hold
Kurnool,256,Kurnool,S.V.Mohan Reddy,YSR Congress Party,57962,T. G. Venkatesh,Telugu Desam Party,54483,3479,59.53,Abdul Hafeez Khan,YSR Congress Party,72819,T.G.Bharath,Telugu Desam Party,67466,5353,YSR Congress Party Hold
Kurnool,257,Panyam,Gowru Charitha Reddy,YSR Congress Party,72245,Katasani Rambhupal Reddy,Secular Democratic Labour Party of India,60598,11647,74.41,Katasani Rambhupal Reddy,YSR Congress Party,122476,Gowru Charitha Reddy,Telugu Desam Party,78619,43857,YSR Congress Party Hold
Kurnool,258,Nandyal,Bhuma Nagi Reddy,YSR Congress Party,82194,Silpa Mohan Reddy,Telugu Desam Party,78590,3604,76.81,Shilpa Ravi Chandra Kishore Reddy,YSR Congress Party,108868,Bhuma Brahmananda Reddy,Telugu Desam Party,74308,34560,YSR Congress Party Hold
Kurnool,259,Banaganapalle,B.C.Janardhan Reddy,Telugu Desam Party,95727,Katasani Rami Reddy,YSR Congress Party,78386,17341,80.48,Katasani Rami Reddy,YSR Congress Party,99998,B.C.Janardhan Reddy,Telugu Desam Party,86614,13384,Telugu Desam Party -->  YSR Congress Party
Kurnool,260,Dhone,Buggana Rajendranath,YSR Congress Party,83683,K.E. Prathap,Telugu Desam Party,72531,11152,78.94,Buggana Rajendranath,YSR Congress Party,100845,K.E. Prathap,Telugu Desam Party,65329,35516,YSR Congress Party Hold
Kurnool,261,Pattikonda,K. E. Krishnamurthy,Telugu Desam Party,62706,Kotla Hari Chakrapani Reddy,YSR Congress Party,54807,7899,83.97,Kangati Sreedevi,YSR Congress Party,100981,K.E. Shyam Kumar,Telugu Desam Party,58916,42065,Telugu Desam Party -->  YSR Congress Party
Kurnool,262,Kodumur (SC),M Mani Gandhi,YSR Congress Party,84206,Madharapu Renuka,Bharatiya Janata Party,31822,52384,78.77,Jaradoddi Sudhakar,YSR Congress Party,95037,Burla Ramanjaneyulu,Telugu Desam Party,58992,36045,YSR Congress Party Hold
Kurnool,263,Yemmiganur,B Jaya Nageswara Reddy,Telugu Desam Party,84483,K Jagan Mohan Reddy,YSR Congress Party,70122,14361,79.15,K Chenna Kesava Reddy,YSR Congress Party,96498,B Jaya Nageswara Reddy,Telugu Desam Party,70888,25610,Telugu Desam Party -->  YSR Congress Party
Kurnool,264,Mantralayam,Y Balanagi Reddy,YSR Congress Party,69858,Palakurthi Thikka Reddy,Telugu Desam Party,62396,7462,84.98,Y Balanagi Reddy,YSR Congress Party,86896,Palakurthi Thikka Reddy,Telugu Desam Party,63017,23879,YSR Congress Party Hold
Kurnool,265,Adoni,Y Sai Prasad Reddy,YSR Congress Party,72121,Konka Meenakshi Naidu,Telugu Desam Party,55290,16831,65.31,Y Sai Prasad Reddy,YSR Congress Party,74109,Konka Meenakshi Naidu,Telugu Desam Party,61790,12319,YSR Congress Party Hold
Kurnool,266,Alur,Gummanur Jayaram,YSR Congress Party,69466,B Veerabhadra Gowd,Telugu Desam Party,67547,1919,79.91,Gummanur Jayaram,YSR Congress Party,107101,Kotla Sujathamma,Telugu Desam Party,67205,39896,YSR Congress Party Hold
Anantapur,267,Rayadurg,Kalava Srinivasulu,Telugu Desam Party,92344,Kapu Ramachandra Reddy,YSR Congress Party,90517,1827,86.02,Kapu Ramachandra Reddy,YSR Congress Party,109043,Kalava Srinivasulu,Telugu Desam Party,94994,14049,Telugu Desam Party -->  YSR Congress Party
Anantapur,268,Uravakonda,Y. Visweswara Reddy,YSR Congress Party,81042,Payyavula Keshav,Telugu Desam Party,78767,2275,86.2,Payyavula Keshav,Telugu Desam Party,90209,Y. Visweswara Reddy,YSR Congress Party,88077,2132,YSR Congress Party -->  Telugu Desam Party
Anantapur,269,Guntakal,R.Jitendra Gowd,Telugu Desam Party,81655,Y.Venkatarama Reddy,YSR Congress Party,76561,5094,75.78,Y.Venkatarama Reddy,YSR Congress Party,106922,R.Jitendra Gowd,Telugu Desam Party,58390,48532,Telugu Desam Party -->  YSR Congress Party
Anantapur,270,Tadpatri,J C Prabhakar Reddy,Telugu Desam Party,96740,V R Rami Reddy,YSR Congress Party,74568,22172,81.25,K. Pedda Reddy,YSR Congress Party,92911,Ashmit Reddy.J.C.,Telugu Desam Party,85400,7511,Telugu Desam Party -->  YSR Congress Party
Anantapur,271,Singanamala (SC),B Yamini Bala,Telugu Desam Party,86679,Padmavathy Jonnalagadda,YSR Congress Party,82095,4584,84.44,Padmavathy Jonnalagadda,YSR Congress Party,118044,Bandaru Sravani Sree,Telugu Desam Party,71802,46242,Telugu Desam Party -->  YSR Congress Party
Anantapur,272,Anantapur Urban,Prabhakar Chowdary .V,Telugu Desam Party,74704,B Gurunatha Reddy,YSR Congress Party,65370,9334,63.18,Anantha Venkatarami Reddy,YSR Congress Party,88704,Prabhakar Chowdary .V,Telugu Desam Party,60006,28698,Telugu Desam Party -->  YSR Congress Party
Anantapur,273,Kalyandurg,Vunnam Hanumantharaya Chowdary,Telugu Desam Party,91981,Boya Thippe Swamy,YSR Congress Party,69662,22319,86.75,K. V. Ushashri Charan,YSR Congress Party,88051,Umamaheswara Naidu Madineni,Telugu Desam Party,68155,19896,Telugu Desam Party -->  YSR Congress Party
Anantapur,274,Raptadu,Paritala Sunitha,Telugu Desam Party,91394,Thopudurthi Prakash Reddy,YSR Congress Party,83620,7774,82.33,Thopudurthi Prakash Reddy,YSR Congress Party,111201,Paritala Sreeram,Telugu Desam Party,85626,25575,Telugu Desam Party -->  YSR Congress Party
Anantapur,275,Madakasira (SC),K. Eranna,Telugu Desam Party,76741,M. Thippeswamy,YSR Congress Party,62029,14712,88.37,M. Thippeswamy,YSR Congress Party,88527,K. Eranna,Telugu Desam Party,75391,13136,Telugu Desam Party -->  YSR Congress Party
Anantapur,276,Hindupur,Nandamuri Balakrishna,Telugu Desam Party,81543,B Naveen Nischal,YSR Congress Party,65347,16196,77.5,Nandamuri Balakrishna,Telugu Desam Party,91704,Shaik Mohammed Iqbal,YSR Congress Party,74676,17028,Telugu Desam Party Hold
Anantapur,277,Penukonda,B K Parthasarathi,Telugu Desam Party,79793,Malagundla Sankaranarayana,YSR Congress Party,62378,17415,86.99,Malagundla Sankaranarayana,YSR Congress Party,96607,B K Parthasarathi,Telugu Desam Party,81549,15058,Telugu Desam Party -->  YSR Congress Party
Anantapur,278,Puttaparthi,Palle Raghunatha Reddy,Telugu Desam Party,76910,Chinthapanti Somasekhara Reddy,YSR Congress Party,69946,6964,85.36,Duddukunta Sreedhar Reddy,YSR Congress Party,97234,Palle Raghunatha Reddy,Telugu Desam Party,65979,31255,Telugu Desam Party -->  YSR Congress Party
Anantapur,279,Dharmavaram,Gonuguntla Suryanarayana,Telugu Desam Party,99246,Kethireddy Venkatarami Reddy,YSR Congress Party,85035,14211,86.5,Kethireddy Venkatarami Reddy,YSR Congress Party,106024,Gonuguntla Suryanarayana,Telugu Desam Party,90738,15286,Telugu Desam Party -->  YSR Congress Party
Anantapur,280,Kadiri,Attar Chand Basha,YSR Congress Party,81639,Kandikunta Venkata Prasad,Telugu Desam Party,80671,968,79.95,P.V. Sidda Reddy,YSR Congress Party,102432,Kandikunta Venkata Prasad,Telugu Desam Party,75189,27243,YSR Congress Party Hold
Chittoor,281,Thamballapalle,G Shankar,Telugu Desam Party,82090,Anipireddy Venkata Praveen Kumar Reddy,YSR Congress Party,72900,9190,84,Peddireddi Dwarakanatha Reddy,YSR Congress Party,105444,G Shankar,Telugu Desam Party,58506,46938,Telugu Desam Party -->  YSR Congress Party
Chittoor,282,Pileru,C Ramachandra Reddy,YSR Congress Party,71949,Nallari Kishan Kumar Reddy,Jai Samaikyandhra Party,56636,15313,77.1,C Ramachandra Reddy,YSR Congress Party,87300,Nallari Kishan Kumar Reddy,Telugu Desam Party,79426,7874,YSR Congress Party Hold
Chittoor,283,Madanapalle,D Thippa Reddy,YSR Congress Party,81252,Challapalle Narasimha Reddy,Bharatiya Janata Party,64663,16589,73.44,M. Nawaz Basha,YSR Congress Party,92066,Dommalapati Ramesh,Telugu Desam Party,62418,29648,YSR Congress Party Hold
Chittoor,284,Punganur,Peddireddy Ramachandra Reddy,YSR Congress Party,104587,M Venkataramana Raju,Telugu Desam Party,72856,31731,85.15,Peddireddy Ramachandra Reddy,YSR Congress Party,107431,N Anesha Reddy,Telugu Desam Party,63876,43555,YSR Congress Party Hold
Chittoor,285,Chandragiri,Chevireddy Bhaskar Reddy,YSR Congress Party,100924,Aruna Kumari Galla,Telugu Desam Party,96406,4518,78.18,Chevireddy Bhaskar Reddy,YSR Congress Party,127790,Pulivarthi Venkatamani Prasad,Telugu Desam Party,86035,41755,YSR Congress Party Hold
Chittoor,286,Tirupati,M Venkataramana,Telugu Desam Party,99313,Bhumana Karunakar Reddy,YSR Congress Party,57774,41539,66.05,Bhumana Karunakar Reddy,YSR Congress Party,80544,M Suguna,Telugu Desam Party,79836,708,Telugu Desam Party -->  YSR Congress Party
Chittoor,287,Srikalahasti,Bojjala Gopala Krishna Reddy,Telugu Desam Party,89953,Biyyapu Madhusudhan Reddy,YSR Congress Party,82370,7583,81.81,Biyyapu Madhusudhan Reddy,YSR Congress Party,109541,Bojjala Venkata Sudhir Reddy,Telugu Desam Party,71400,38141,Telugu Desam Party -->  YSR Congress Party
Chittoor,288,Satyavedu (SC),Talari Aditya,Telugu Desam Party,77655,Adimulam Koneti,YSR Congress Party,73428,4227,86.09,Adimulam Koneti,YSR Congress Party,103941,Jadda Rajasekhar,Telugu Desam Party,59197,44744,Telugu Desam Party -->  YSR Congress Party
Chittoor,289,Nagari,R. K. Roja,YSR Congress Party,74724,Gali Muddu Krishnama Naidu,Telugu Desam Party,73866,858,86.22,R. K. Roja,YSR Congress Party,80333,Gali Bhanu Prakash,Telugu Desam Party,77625,2708,YSR Congress Party Hold
Chittoor,290,Gangadhara Nellore (SC),K. Narayana Swamy,YSR Congress Party,84538,Kuthuhalam Gummadi,Telugu Desam Party,63973,20565,85.86,K. Narayana Swamy,YSR Congress Party,103038,Anaganti Harikrishna,Telugu Desam Party,57444,45594,YSR Congress Party Hold
Chittoor,291,Chittoor,D A Sathya Prabha,Telugu Desam Party,73430,Aranii Srenevasulu,YSR Congress Party,66631,6799,79.34,Aranii Srenevasulu,YSR Congress Party,91206,A.S. Manohar,Telugu Desam Party,51238,39968,Telugu Desam Party -->  YSR Congress Party
Chittoor,292,Puthalapattu (SC),M Sunil Kumar,YSR Congress Party,83200,Lalitha Kumari,Telugu Desam Party,82298,902,85.52,M. Babu,YSR Congress Party,103265,Lalitha Kumari,Telugu Desam Party,74102,29163,YSR Congress Party Hold
Chittoor,293,Palamaner,Amarnatha Reddy. N,YSR Congress Party,96541,R V Subash Chandra Bose,Telugu Desam Party,93651,2890,86.12,N Venkate Gowda,YSR Congress Party,119241,Amarnatha Reddy. N,Telugu Desam Party,87625,31616,YSR Congress Party Hold
Chittoor,294,Kuppam,N. Chandrababu Naidu,Telugu Desam Party,102952,Krishna Chandra Mouli,YSR Congress Party,69424,47121,85.47,N. Chandrababu Naidu,Telugu Desam Party,100146,Krishna Chandra Mouli,YSR Congress Party,69424,30722,Telugu Desam Party Hold
